Nom,Prenom,addresse_1,addresse_2,nom_pere,Nombre_De_Freres,date_naissance,profession
RODNEY1,BADRAN1,SinElFil1,SaintElie1,Elie1,1,1/1/1991,IT
RODNEY2,BADRAN2,SinElFil2,SaintElie2,Elie2,2,1/2/1992,NETWORK
RODNEY3,BADRAN3,SinElFil3,SaintElie3,Elie3,3,1/2/1993,SECRETAIRE
RODNEY4,BADRAN4,SinElFil4,SaintElie4,Elie4,4,1/3/1994,POLICIER
RODNEY5,BADRAN5,SinElFil5,SaintElie5,Elie5,5,1/4/1995,GENDARME
RODNEY6,BADRAN6,SinElFil6,SaintElie6,Elie6,6,1/5/1996,ARMEE
RODNEY7,BADRAN7,SinElFil7,SaintElie7,Elie7,7,1/5/1997,PROFESSEUR
RODNEY8,BADRAN8,SinElFil8,SaintElie8,Elie8,8,1/6/1998,DOCTEUR
RODNEY9,BADRAN9,SinElFil9,SaintElie9,Elie9,9,1/7/1999,POLITICIEN
RODNEY10,BADRAN10,SinElFil10,SaintElie10,Elie10,10,1/8/2000,CHAUFFEUR
